Actuaries,Bioinformatics Technicians,Biostaticians,Business Intelligence Analysts,Clinical Data Managers,Computer and Information Research Scientists,Computer Network Support Specialists,Computer Programmers,Computer Systems Analysts,Computer Systems Engineers Architects,Computer User Support Specialists,Data Warehousing Specialists,Database Administrators,Database Architects,Document Management Specialists,Geographic Information Systems Technologists and Technicians,Health Informatics Specialists,Information Security Analysts,Information Technology Project Managers,Mathematicians,Network and Computer Systems Administrators,Operations Research Analysts,Software Developers,Software Quality Assurance Analysts and Testers,Statisticians,Telecommunications Engineering Specialists,Video Game Designers,Web Administrators,Web and Digital Interface Designers,Web Developers
spss,identity engines,sas,citrix,citrix,minitab,citrix,citrix,access management software,citrix,citrix,spss,access management software,access management software,capsys,agronomic modeling software,spss,access management software,citrix,minitab,citrix,citrix,citrix,citrix,spss,ilock,vbs2,citrix,spss,spss
s-plus,genscan,stata,fund accounting software,edc,sas,ciscoworks,tax software,citrix,powerbroker,helpmate,sas,citrix,citrix,captiva,hydrological modeling software,sas,citrix,tax software,sas,helpmate,fund accounting software,putty,putty,sas,access management software,perforce,google analytics,sas,sas
sas,sas,matlab,tax software,spss,stata,network node manager,spss,fund accounting software,minitab,fund accounting software,stata,fund accounting software,redgate,document imaging,sas,qlik,tam,minitab,stata,remote desktop control software,spss,software distribution management software,tax software,stata,identity engines,mysql,sas,matlab,matlab
mathematica,matlab,s-plus,spss,rdc,matlab,ifconfig,sas,tax software,sas,50cloud,matlab,redgate,solarwinds,diamond vision,matlab,tableau,ciscoworks,sas,matlab,tivoli,minitab,data analysis software,software distribution management software,xlisp-stat,network management software,blackboard,webtrends analytics,docker,docker
compliance testing software,ion reporter,mysql,minitab,sas,github,solarwinds,stata,ciscoworks,stata,tax software,weblogic,solarwinds,ice,weblogic,arcsde,ansos,sas,stata,mysql,ciscoworks,sas,dynamic modeling software,data analysis software,qlikview,novastor,sql,,github,github
data entry software,,clinical trials database software,sas,autocoders,cognos,networker,matlab,element management software,matlab,element management software,netbackup,spss,sas,autocad,tableau,lms,matlab,matlab,access,network node manager,matlab,sas,dynamic modeling software,tableau,amanda,actionscript,virtual server,weblogic,weblogic
access,sql server,database software,matlab,drug coding software,oracle business intelligence,retrospect,docker,spice,docker,solarwinds,cognos,minitab,test data generator software,solidworks,autocad,salesforce,docker,docker,sql,network management software,github,matlab,sas,hadoop,domino,c,weblogic,spring,spring
desktop intelligence,access,access,github,rdbms,qlikview,tape backup system software,github,minitab,github,sas,oracle business intelligence,sas,matlab,creo,land desktop,crystal reports,github,github,micropress,solarwinds,netbackup,github,matlab,pig,autocad,hlsl,wildfly,cognos,cognos
sql,mysql,patient monitoring systems,weblogic,teradata,tableau,netbackup,weblogic,sas,wildfly,stata,tableau,matlab,github,filenet,microstation,access,weblogic,weblogic,c,root cause analysis software,cognos,oracle application server,github,teradata,data entry software,sdl,oracle business intelligence,oracle business intelligence,oracle business intelligence
visual basic,oracle software,,wildfly,sql loader,clustermatic,domino,spring,matlab,spring,matlab,spotfire,docker,weblogic,gofileroom,cad,sql,wildfly,spring,fortran,sas,oracle business intelligence,weblogic,oracle application server,data entry software,sql server,directx,livelink,qlikview,qlikview
vba,sql,software development tools,netbackup,,parallel systems software,network design software,netbackup,docker,netbackup,docker,ncluster,github,wildfly,teradata,sql server,software development tools,diameter,netbackup,visual basic,stata,qlikview,spring,weblogic,db2,sitesmart,outlook,vignette,tableau,tableau
hcl notes,c,xml,cognos,crystal reports,domino,automated installation software,cognos,github,cognos,github,domino,weblogic,spring,business objects,rdms,outlook,tim,cognos,outlook,docker,tableau,backup and archival software,wildfly,access,sql,xml,access,domino,domino
ggy axis,ruby,sap,oracle business intelligence,clinical trial management software,ada,ionix,oracle business intelligence,weblogic,oracle business intelligence,weblogic,perforce,spring,sql recovery,filemaker,teradata,visio,password management software,oracle business intelligence,xml,github,domino,netbackup,backup and archival software,sql,powershell,gui,mysql,chef,chef
oak mountain software ,outlook,git,qlikview,access,llvm,sysprep,qlikview,wildfly,qlikview,spring,vmware,acronis,networker,db2,crystal reports,web browser software,radius,qlikview,photoshop,weblogic,catia,cognos,netbackup,knowledgeseeker,vbscript,blend,jdbc,perforce,perforce
pricing software,bamboo,graphics software,tableau,patient tracking software,polaris,vmware,tableau,disaster recovery software,tableau,password management software,jira,networker,rman,access,data entry software,arcgis,backup and archival software,tableau,web browser software,wildfly,mathcad,oracle business intelligence,cognos,teradata,hcl notes,photoshop,sql,puppet,puppet
moses,jenkins ci,qd clinical,domino,clintrial,cad,,domino,netbackup,domino,disaster recovery software,raiser's edge,data protector,netbackup,imageright,access,epic systems,disaster recovery software,scheduling software,c++,password management software,raiser's edge,qlikview,oracle business intelligence,enterprise miner,exchange server,balsamiq,indesign,jira,jira
visio,sap,c++,creo,go,creo,database management software,command interpreter,business intelligence system software,autocad,shadow copy,hadoop,netbackup,cognos,file compression software,nlcd,meditech,netbackup,domino,perl,ghost,eloqua,tableau,qlikview,cobol,outlook,visio,pagemaker,sitecore,sitecore
c++,svn,c#,jira,visual basic,rational apex,mysql,inline code expander software,cognos,microstation,livestate,nosql,cognos,ssas,google analytics,ssurgo,healthineers,cognos,autocad,python,disaster recovery software,salesforce,domino,tableau,fortran,visio,opengl,actionscript,eloqua,eloqua
java,git,python,raiser's edge,xml,perforce,teradata,mixed code generator,oracle business intelligence,solidworks,netbackup,pl/sql,ssas,oracle business intelligence,indesign,c,eicu,oracle business intelligence,revit,r,netbackup,hadoop,patch management software,domino,visual basic,call accounting software,perforce,ant,salesforce,salesforce
python,visio,r,eloqua,visio,hadoop,data entry software,threaded code,tableau,creo,cognos,teradata,oracle business intelligence,tableau,.net,lisp,case,qlikview,catia,ms office,cognos,hive,perforce,autocad,vba,scada,c++,vbscript,dynamodb,hadoop
r,web browser software,ms office,siebel,allscripts,mongodb,access,microstation,domino,clearcase,oracle business intelligence,netezza,tableau,cluster server software,visual basic,.net,perl,tableau,sclm,linux,oracle business intelligence,pig,puppet,catia,sas/connect,web browser software,objective-c,tcl,kinesis,mongodb
foxpro,voip,bash,salesforce,epic systems,nosql,sql server,cad,tso,perforce,qlikview,ssrs,cluster server software,rac,sql developer,visual basic,python,domino,perforce,unix,qlikview,teradata,razor,chef,sap,voip,perl,acrobat,hadoop,nosql
ms office,arcgis,linux,hadoop,meditech,teradata,remote control software,catia,catia,puppet,tableau,discoverer,rac,domino,acrobat,acrobat,r,automated installation software,puppet,powerpoint,tableau,ssrs,jira,puppet,c++,traffic analyzer,python,email software,teradata,teradata
powerpoint,gis,windows,mongodb,c#,hive,pcanywhere,chef,eda,vmware,,crystal reports,domino,revit,alfresco,sharepoint,ms office,chef,vmware,excel,domino,crystal reports,emerald,razor,python,nagios,ms office,microsoft exchange,ssrs,ssrs
microsoft project,c++,unix,pl/sql,c++,data entry software,powershell,clearcase,orcad,jira,domino,redshift,revit,deployment software,filehold,email software,unix,puppet,raiser's edge,javascript,command interpreter,reportsmith,raiser's edge,vmware,r,wireshark,jcl,common gateway interface,crystal reports,crystal reports
excel,java,powerpoint,teradata,java,sql,visual basic,puppet,spectraquest,eloqua,autocad,hive,catia,perforce,docushare,xml,powerpoint,vmware,eloqua,php,cad,redshift,eloqua,emerald,powerbuilder,vpn,linux,xml,data entry software,aws
word,python,excel,webfocus,ms office,t-sql,vbscript,vmware,perforce,salesforce,revit,sql server,,puppet,hcl notes,websphere,microsoft project,jira,salesforce,word,catia,data entry software,salesforce,twiki,foxpro,java,powerpoint,websphere,informix,access
,r,javascript,ssrs,powerpoint,google analytics,ruby,jira,puppet,hadoop,microstation,teradata,chef,ansible,outlook,sap,sharepoint,salesforce,hadoop,,,access,hadoop,workflow software,ms office,perl,jira,fusion middleware,marklogic,jdbc
,ms office,php,crystal reports,microsoft project,kafka,acrobat,emerald,systems and application deployment and migration software,mongodb,solidworks,rapidminer,perforce,jira,xml,fireworks,excel,hive,mongodb,,chef,mysql,distributed database management software,raiser's edge,linux,ms office,microsoft project,oracle fusion applications,access,sql
,linux,word,prism,excel,c,hcl notes,workflow software,vmware,pl/sql,automated installation software,netweaver,puppet,raiser's edge,websphere,illustrator,javascript,elasticsearch,pl/sql,,perforce,c,t-sql,eloqua,unix,linux,excel,illustrator,google analytics,google analytics
,windows,,aws,word,eclipse,exchange server,hadoop,jira,teradata,chef,teradata,vmware,eloqua,data integrator,photoshop,word,mongodb,teradata,,puppet,visual basic,teradata,salesforce,powerpoint,windows server,after effects,photoshop,indesign,indesign
,powerpoint,,access,,visual basic,control-m,mongodb,raiser's edge,ssrs,puppet,teradata,jira,salesforce,dynamics,visio,,teradata,ssrs,,vmware,vba,ssrs,cassandra,excel,shell script,,coreldraw,publisher,publisher
,sharepoint,,jdbc,,xml,websphere,mysql,eloqua,crystal reports,vmware,publisher,raiser's edge,cassandra,peoplesoft,web browser software,,ssrs,crystal reports,,jira,vbscript,oracle business intelligence,t-sql,word,unix,3ds max,visio,c,ant
,excel,,t-sql,,datastage,dynamics,teradata,salesforce,aws,jira,kafka,eloqua,mongodb,smartbpm,manifold system,,crystal reports,aws,,raiser's edge,hcl notes,sap business intelligence,mongodb,,powerpoint,sound development software,safari,visual basic,eclipse
,html,,data warehouse software,,dynamics,power systems,ssrs,hadoop,access,salesforce,c,salesforce,pl/sql,financials,arcgis,,ec2,access,,hadoop,exchange server,crystal reports,teradata,,microsoft project,html,internet explorer,sourcesafe,go
,word,,google analytics,,business objects,splunk,recrystallize,mongodb,jdbc,hive,eclipse,cassandra,teradata,version control software,gis,,access,jdbc,,elasticsearch,xml,ado.net,ssrs,,project scheduling software,javascript,firefox,subversion,visual basic
,,,data explorer,,splunk,file server software,crystal reports,pl/sql,t-sql,elasticsearch,visual basic,pl/sql,asg-zeke,file system software,pathfinder,,jdbc,sql,,mongodb,dynamics,data entry software,oracle business intelligence,,rational requirements composer,php,bind,acrobat,acrobat
,,,netweaver,,git,netview,aws,teradata,google analytics,nosql,teradata,sap replication server,ssrs,photoshop,gps,,sql,google analytics,,teradata,netsuite,iea,sap business intelligence,,requirements analysis software,rails,active directory,hcl notes,hcl notes
,,,publisher,,weka,flash,hive,ssrs,framemaker,teradata,outlook,teradata,sql*plus,visio,c++,,ssh,indesign,,ssrs,hyperion,access,crystal reports,,lotus 1-2-3,word,dns ,common gateway interface,bamboo
,,,ant,,graphics pipelines,itsm,access,oracle business intelligence,ant,ssrs,xml,ssrs,crystal reports,groovy,visual c++,,c,publisher,,crystal reports,sap,google analytics,ado.net,,excel,,sound forge,xml,xml
,,,eclipse,,opengl,active directory,sql,crystal reports,c,crystal reports,datastage,sql*plus,access,java,python,,go,ant,,redshift,power systems,indesign,iea,,antivirus software,,sharepoint,xsl,websphere
,,,visual basic,,3ds,edirectory,google analytics,aws,ide ,aws,twister,recrystallize,jdbc,perl,java,,powershell,eclipse,,access,splunk,publisher,access,,mcafee,,firewall,datastage,fusion middleware
,,,ruby,,arcgis,voip,publisher,access,powershell,access,talend,crystal reports,sql,powerbuilder,postgresql,,visual studio,go,,jdbc,forecast pro,abap,jdbc,,symantec,,juniper networks,dynamics,dynamics
,,,acrobat,,gis,nagios,ant,jdbc,acrobat,mysql,dynamics,hive,teradata,mvs,ms office,,hcl notes,powershell,,t-sql,e-business,c,google analytics,,web design software,,siteminder,netsuite,netsuite
,,,hcl notes,,erwin,omnipeek,c,sql,hcl notes,jdbc,netsuite,access,google analytics,linux,jcl,,exchange server,acrobat,,ssh,visio,visual basic,indesign,,word,,delphi,oracle fusion applications,enterpriseone
,,,exchange server,,c++,wireshark,eclipse,,exchange server,crosstec,hyperion,jdbc,infosphere,windows,shell script,,xml,document management system software,,publisher,hrms,xpath,publisher,,,,activex,sap,sap
,,,outlook,,activex,zabbix,powershell,google analytics,xml,remote control software,sap,sql,rapidminer,unix,unix,,websphere,o3spaces,,ide ,taleo,directx,ant,,,,perl,power systems,power systems
,,,xml,,java,traffic shapers,acrobat,crosstec,datastage,stac,splunk,google analytics,publisher,ocr,powerpoint,,ssis,hcl notes,,powershell,lexisnexis,acrobat,cobol,,,,python,splunk,splunk
,,,datastage,,python,firewall,virage,remote control software,ssis,pcanywhere,svn,publisher,kafka,powerpoint,sharepoint,,fusion middleware,exchange server,,visual basic,arcgis,document management system software,powershell,,,,postgresql,ansible,ansible
,,,ssis,,postgresql,ids,hcl notes,stac,fusion middleware,distiller,e-business,ant,c,central desktop,excel,,dynamics,outlook,,ruby,gis,gmail,ruby,,,,ms office,svn,svn
,,,data integrator,,ms office,vpn,exchange server,pcanywhere,dynamics,indesign,visio,eclipse,cobol,microsoft project,aftereffects,,hyperion,xml,,acrobat,mappoint,hcl notes,directx,,,,linux,git,git
,,,dynamics,,linux,ips,bamboo,publisher,netsuite,publisher,hrms,visual basic,ruby,sharepoint,dreamweaver,,peoplesoft,datastage,,hcl notes,wireshark,exchange server,acrobat,,,,windows,delphi,delphi
,,,netsuite,,solaris,network and system vulnerability assessment software,xml,ant,hyperion,c,avro,ruby,acrobat,uml,mapguide,,sap,websphere,,exchange server,c++,outlook,document management system software,,,,solaris,visualforce,visualforce
,,,peoplesoft,,shell script,netdetector,datastage,c,sap,cobol,arcgis,hcl notes,ibm content manager,google adwords,ext js,,arcsight,fusion middleware,,outlook,python,eai,gmail,,,,shell script,creative cloud,creative cloud
,,,sap,,unix,sonicos,netweaver,eclipse,power systems,eclipse,erwin,exchange server,hcl notes,excel,html,,power systems,dynamics,,bamboo,r,xml,hcl notes,,,,apache http server,photoshop,visio
,,,power systems,,apache http server,java,dynamics,vbscript,splunk,powershell,warehouse builder,outlook,exchange server,final cut pro,javascript,,splunk,netsuite,,eai,scala,datastage,exchange server,,,,vignette,visio,flickr
,,,splunk,,powerpoint,perl,netsuite,acrobat,ansible,acrobat,sas data integration server,bamboo,outlook,dreamweaver,word,,ansible,hyperion,,xml,google drive,netweaver,outlook,,,,powerpoint,sketchup,sketchup
,,,delphi,,microsoft project,python,hyperion,hcl notes,svn,hcl notes,talend,xml,bamboo,tomcat,,,svn,sap,,ssis,ms office,dynamics,eai,,,,microsoft project,erwin,hipchat
,,,unica,,uml,ms office,sap,exchange server,git,exchange server,nagios,websphere,xml,html,,,git,power systems,,dynamics,bash,oracle fusion applications,xml,,,,primavera,nagios,arcgis
,,,e-business,,google adwords,jcl,power systems,outlook,delphi,outlook,abap,fusion middleware,websphere,word,,,winmerge,kforge,,oracle fusion applications,linux,peoplesoft,datastage,,,,google adwords,wireshark,gis
,,,visualforce,,excel,linux,systems management server,bamboo,e-business,xml,objective-c,dynamics,fusion middleware,,,,computer forensic software,splunk,,enterpriseone,shell script,sap,netweaver,,,,excel,spark,epic systems
,,,flash,,video editing software,windows server,splunk,xml,altia,datastage,java,netsuite,ellucian,,,,delphi,ansible,,sap,unix shell,power systems,dynamics,,,,san,cocoa,erwin
,,,visio,,plug-in file software,solaris,ansible,datastage,visualforce,ssis,python,enterpriseone,powercenter,,,,e-business,svn,,power systems,powerpoint,splunk,netsuite,,,,router software,c++,nagios
,,,hrms,,django,connectivity software,svn,ssis,creative cloud,fusion middleware,postgresql,sap,dynamics,,,,flash,continuous integration software,,splunk,microsoft project,ansible,enterpriseone,,,,switch software,python,wireshark
,,,taleo,,xslt,powerpoint,git,dynamics,flash,dynamics,ms office,power systems,sap,,,,visio,git,,ansible,sharepoint,svn,sap,,,,ssl,hibernate,c++
,,,lexisnexis,,javascript,load testing software,delphi,netsuite,photoshop,netsuite,bash,splunk,power systems,,,,hrms,version control software,,svn,marketo,git,power systems,,,,cics,postgresql,java
,,,arcgis,,php,projectwise,e-business,enterpriseone,visio,hyperion,solaris,ansible,splunk,,,,scada,delphi,,git,excel,version control software,splunk,,,,iis,google drive,python
,,,gis,,,microsoft project,visual pro/5,sap,hrms,sap,shell script,mahout,ansible,,,,lexisnexis,e-business,,delphi,mcafee,file server software,ansible,,,,director,ms office,swift
,,,epic systems,,,sharepoint,gui,power systems,taleo,power systems,unix,svn,mahout,,,,active directory,visualforce,,e-business,google docs,delphi,svn,,,,sorenson squeeze,android,hibernate
,,,hcpcs,,,project planning software,visualforce,splunk,scada,splunk,apache http server,git,svn,,,,bind,creative cloud,,terminal services manager,word,e-business,git,,,,dreamweaver,linux,postgresql
,,,medical condition coding software,,,excel,illustrator,ansible,lexisnexis,ansible,powerpoint,delphi,git,,,,dns,photoshop,,tksoftware,,gui builder,version control software,,,,flash,windows,google drive
,,,meditech,,,symmetrix,photoshop,svn,web browser software,svn,microsoft project,e-business,visio,,,,network directory services software,visio,,fireworks,,gui design,file server software,,,,frontpage,windows server,ms office
,,,erwin,,,san,coreldraw,git,active directory,git,sharepoint,visualforce,avro,,,,voip,sketchup,,flash,,visualforce,delphi,,,,salesforce,apache http server,linux
,,,data modeling software,,,encryption software,visio,version control software,voip,desktop partitioning software,uml,flash,data validation software,,,,,hrms,,visio,,photoshop,e-business,,,,struts,loadrunner,windows server
,,,nagios,,,mcafee,hrms,cost estimation software,lan,norton ,excel,visio,lexisnexis,,,,arcgis,taleo,,help desk software,,gimp,gui builder,,,,html,junit,solaris
,,,wireshark,,,rootkit,scada,delphi,arcgis,delphi,mcafee,hrms,easytrieve,,,,gis,scada,,hrms,,visio,gui design,,,,javascript,selenium,unix
,,,vpn,,,symantec,arcgis,e-business,gis,e-business,symantec,oracle learning management,arcgis,,,,epic systems,lexisnexis,,taleo,,opengl,visualforce,,,,php,travis,apache http server
,,,groovy,,,cics,gis,visualforce,epic systems,visualforce,cics,taleo,gis,,,,qradar,voip,,scada,,avro,photoshop,,,,word,confluence,loadrunner
,,,c#,,,iis,epic systems,flash,meditech,photoshop,rails,scada,epic systems,,,,nagios,arcgis,,active directory,,lexisnexis,gimp,,,,,,junit
,,,python,,,tomcat,erwin,illustrator,erwin,visio,word,data validation software,erwin,,,,blue coat,gis,,bind,,voip,visio,,,,,microsoft project,selenium
,,,r,,,lamp stack,nagios,photoshop,sametime,flickr,,lexisnexis,ibm rational system architect,,,,wireshark,epic systems,,dns,,erwin,opengl,,,,,sharepoint,travis
,,,hibernate,,,word,nips,visio,nagios,sketchup,,easytrieve,powerdesigner,,,,securesphere,hcpcs,,nas,,talend,hrms,,,,,uml,confluence
,,,postgresql,,,,snort,help desk software,nips,call center software,,arcgis,talend,,,,ipfilter,erwin,,ospf,,nagios,scada,,,,,excel,
,,,ms office,,,,wireshark,adp,snort,help desk software,,gis,nagios,,,,tippingpoint,resource management software,,voip,,wireshark,avro,,,,,cics,microsoft project
,,,jcl,,,,vpn,hrms,wireshark,hrms,,epic systems,wireshark,,,,vpn,nagios,,arcgis,,z/os,lexisnexis,,,,,iis,sharepoint
,,,windows server,,,,c++,taleo,firewall,taleo,,erwin,zabbix,,,,fortify,wireshark,,gis,,vpn,safari,,,,,dreamweaver,uml
,,,solaris,,,,jquery,scada,ids,scada,,rational data architect,vpn,,,,ips,vpn,,epic systems,,c++,internet explorer,,,,,html,google adwords
,,,unix,,,,java,lexisnexis,vpn,information systems integration software,,kettle,database security software,,,,qualys,abap,,erwin,,dom,firefox,,,,,javascript,marketo
,,,apache http server,,,,python,active directory,c++,lexisnexis,,visual paradigm,c++,,,,websense,c++,,nagios,,python,web browser software,,,,,requirejs,excel
,,,powerpoint,,,,hibernate,voip,java,,,nagios,java,,,,objective-c,java,,remote monitoring software,,sax,voip,,,,,zend,cics
,,,loadrunner,,,,foxpro,arcgis,python,active directory,,wireshark,python,,,,java,python,,snort,,hibernate,arcgis,,,,,google docs,iis
,,,confluence,,,,postgresql,gis,swift,dns,,zabbix,powerbuilder,,,,python,hibernate,,wireshark,,postgresql,gis,,,,,,aftereffects
,,,microsoft project,,,,ms office,epic systems,hibernate,network directory services software,,vpn,hibernate,,,,scala,postgresql,,mib,,google drive,epic systems,,,,,,final cut pro
,,,sharepoint,,,,linux,hcpcs,postgresql,voip,,database security software,informix,,,,postgresql,google drive,,"network, server and operating system optimization software",,libreoffice,erwin,,,,,,youtube
,,,primavera,,,,windows,medical condition coding software,ms office,,,c#,odbms,,,,ms office,ms office,,operating system process control software,,ms office,talend,,,,,,dreamweaver
,,,uml,,,,shell script,meditech,jcl,arcgis,,jquery,postgresql,,,,linux,macos,,firewall,,linux,nagios,,,,,,facebook
,,,google adwords,,,,unix,erwin,linux,gis,,python,ms office,,,,windows server,linux,,ids,,windows,wireshark,,,,,,linkedin
,,,marketo,,,,apache http server,powercenter,solaris,epic systems,,scala,linux,,,,shell script,windows,,vpn,,win ce,z/os,,,,,,social media
,,,excel,,,,powerpoint,master data management,unix,meditech,,hibernate,solaris,,,,unix,unix,,ips,,vxworks,firewall,,,,,,javascript
,,,mcafee,,,,loadrunner,,apache http server,erwin,,informix,shell script,,,,smart card management software,mindview,,network and system vulnerability assessment software,,migration software,ids,,,,,,asp
,,,symantec,,,,junit,nagios,powerpoint,intermapper,,postgresql,unix,,,,apache http server,mindgenius,,nervecenter,,apache http server,vpn,,,,,,php
,,,cics,,,,low-level debugger software,nips,loadrunner,nagios,,t-sql,apache http server,,,,powerpoint,x-pert,,security incident management software,,google slides,c++,,,,,,rails
,,,youtube,,,,selenium,snort,junit,wireshark,,ms office,powerpoint,,,,conformance and validation testing software,merlin,,groovy,,powerpoint,java,,,,,,google docs
,,,dreamweaver,,,,confluence,wireshark,selenium,remote install server software,,jcl,log analyzer,,,,kali linux,apache http server,,c++,,fault testing software,python,,,,,,
,,,facebook,,,,microsoft project,vpn,basecamp,vpn,,linux,database testing software,,,,seleniumhq,powerpoint,,java,,loadrunner,sax,,,,,,
,,,ajax,,,,sharepoint,c++,confluence,c++,,windows server,loadrunner,,,,system testing software,loadrunner,,python,,junit,hibernate,,,,,,
,,,tomcat,,,,uml,java,sharepoint,jquery,,shell script,junit,,,,confluence,junit,,hibernate,,usability testing software,postgresql,,,,,,
,,,javascript,,,,excel,perl,primavera,java,,apache http server,confluence,,,,microsoft project,selenium,,postgresql,,confluence,google drive,,,,,,
,,,asp.net,,,,mcafee,python,uml,swift,,powerpoint,microsoft project,,,,sharepoint,jira,,ms office,,microsoft project,libreoffice,,,,,,
,,,google docs,,,,cics,hibernate,google adwords,hibernate,,log analyzer,sharepoint,,,,uml,confluence,,linux,,sharepoint,ms office,,,,,,
,,,word,,,,dreamweaver,foxpro,marketo,postgresql,,database testing software,primavera,,,,excel,microsoft project,,windows server,,primavera,macos,,,,,,
,,,,,,,coffeecup,postgresql,excel,google drive,,loadrunner,database capacity planning software,,,,webinspect,primavera,,solaris,,requisitepro,windows server,,,,,,
,,,,,,,frontpage,ms office,san,ms office,,junit,uml,,,,mcafee,uml,,unix,,requirements management software,unix,,,,,,
,,,,,,,ajax,linux,mcafee,linux,,confluence,excel,,,,portswigger,google adwords,,,,uml,vxworks,,,,,,
,,,,,,,html,windows server,symantec,windows server,,microsoft project,intel data migration software,,,,symantec,marketo,,diagramming software,,google sheets,migration software,,,,,,
,,,,,,,asp.net,solaris,bea tuxedo,operating system monitoring software,,sharepoint,san,,,,cics,excel,,vnc,,excel,apache http server,,,,,,
,,,,,,,jsp,unix shell,cics,solaris,,primavera,encryption software,,,,ajax,mcafee,,apache http server,,san,,,,,,,
,,,,,,,word,diagramming software,iis,migration software,,database capacity planning software,mcafee,,,,html,symantec,,powerpoint,,encryption software,google slides,,,,,,
,,,,,,,,flow chart software,final cut pro,apache http server,,uml,symantec,,,,node.js,cics,,computer system diagnostics software,,mcafee,powerpoint,,,,,,
,,,,,,,,omnigraffle,wan,powerpoint,,marketo,cics,,,,spring framework,final cut pro,,loadrunner,,symantec,loadrunner,,,,,,
,,,,,,,,apache http server,dreamweaver,defect tracking software,,excel,dreamweaver,,,,word,dreamweaver,,confluence,,cics,rational robot,,,,,,
,,,,,,,,powerpoint,ajax,loadrunner,,san,html,,,,,facebook,,microsoft project,,middleware,junit,,,,,,
,,,,,,,,loadrunner,html,junit,,encryption software,javascript,,,,,ajax,,sharepoint,,iis,selenium,,,,,,
,,,,,,,,junit,asp,personal computer diagnostic software,,mcafee,asp,,,,,angularjs,,primavera,,cobra,jira,,,,,,
,,,,,,,,selenium,node.js,confluence,,symantec,apex,,,,,javascript,,requirements management software,,aftereffects,confluence,,,,,,
,,,,,,,,usability testing software,,microsoft project,,cics,word,,,,,asp,,marketo,,dreamweaver,microsoft project,,,,,,
,,,,,,,,confluence,,sharepoint,,dreamweaver,,,,,,google docs,,excel,,coldfusion,primavera,,,,,,
,,,,,,,,microsoft project,,primavera,,struts,,,,,,word,,san,,xslt,requisitepro,,,,,,
,,,,,,,,sharepoint,,uml,,javascript,,,,,,,,honeypot,,html,requirements management software,,,,,,
,,,,,,,,primavera,,marketo,,php,,,,,,,,mcafee,,javascript,uml,,,,,,
,,,,,,,,acmestudio,,excel,,rails,,,,,,,,rootkit,,google docs,google sheets,,,,,,
,,,,,,,,adl,,media storage management software,,word,,,,,,,,symantec,,word,excel,,,,,,
,,,,,,,,popkin,,encryption software,,,,,,,,,,cics,,,san,,,,,,
,,,,,,,,uml,,mcafee,,,,,,,,,,dreamweaver,,,anti-spyware software,,,,,,
,,,,,,,,marketo,,symantec,,,,,,,,,,html,,,antivirus software,,,,,,
,,,,,,,,excel,,virus scanning software,,,,,,,,,,asp,,,mcafee,,,,,,
,,,,,,,,mcafee,,cics,,,,,,,,,,node.js,,,symantec,,,,,,
,,,,,,,,symantec,,final cut pro,,,,,,,,,,jsp,,,cics,,,,,,
,,,,,,,,virus scanning software,,dreamweaver,,,,,,,,,,,,,middleware,,,,,,
,,,,,,,,cics,,facebook,,,,,,,,,,,,,iis,,,,,,
,,,,,,,,iis,,django,,,,,,,,,,,,,cobra,,,,,,
,,,,,,,,sun one,,html,,,,,,,,,,,,,after effects,,,,,,
,,,,,,,,web server software,,javascript,,,,,,,,,,,,,dreamweaver,,,,,,
,,,,,,,,youtube,,asp.net,,,,,,,,,,,,,ajax,,,,,,
,,,,,,,,dreamweaver,,google docs,,,,,,,,,,,,,coldfusion,,,,,,
,,,,,,,,ajax,,word,,,,,,,,,,,,,xslt,,,,,,
,,,,,,,,tomcat,,,,,,,,,,,,,,,asp.net,,,,,,
,,,,,,,,javascript,,,,,,,,,,,,,,,google docs,,,,,,
,,,,,,,,asp.net,,,,,,,,,,,,,,,word,,,,,,
,,,,,,,,google docs,,,,,,,,,,,,,,,,,,,,,
,,,,,,,,word,,,,,,,,,,,,,,,,,,,,,
